﻿pos_x,pos_y,rotation,side,designator,mpn,pack,footprint,value,mount_type
121.5,-117.58,0.0,bottom,ArduinoProMicroATmega32U4USB-C1,,,Sparkfun_Pro_Micro,ArduinoProMicroATmega32U4USB-C1,tht
143.5,-115.0,90.0,top,C1,,,C_0603_1608Metric,100nF,smt
148.795,-115.02,90.0,top,C2,,,C_0805_2012Metric,10uF,smt
149.9,-129.75,0.0,top,FADER1,,None,TRIM_PTA4553-2215CIB103,PTA4553-2215CIB103,tht
129.0,-142.45,180.0,bottom,J1_DECK_A1,,None,JST_B8B-PH-K-S,B8B-PH-K-S,tht
171.0,-142.5,180.0,bottom,J2_DECK_B1,,None,JST_B8B-PH-K-S,B8B-PH-K-S,tht
150.0,-100.0,0.0,top,ROTARY_ENCODER_BTN1,,None,XDCR_PEC11R-4220K-S0024,PEC11R-4220K-S0024,tht
147.5,-142.0,90.0,top,R_LOAD_A1,,,R_0603_1608Metric,1k,smt
153.5,-141.825,90.0,top,R_LOAD_B1,,,R_0603_1608Metric,1k,smt
141.5,-142.0,-90.0,top,R_PLAY_A1,,,R_0603_1608Metric,1k,smt
158.0,-142.0,90.0,top,R_PLAY_B1,,,R_0603_1608Metric,1k,smt
