﻿Designator,Quantity,Value,Footprint,Package,MPN,DNP,Mount_Type,Description,MF,PRICE,Check_prices,Price,SnapEDA_Link,MP,Description_1,Availability,AVAILABILITY,PURCHASE-URL,MANUFACTURER,CREATOR,STANDARD,PARTREV,VERIFIER
ArduinoProMicroATmega32U4USB-C1,1,ArduinoProMicroATmega32U4USB-C1,Sparkfun_Pro_Micro,,,,tht,Sparkfun Pro Micro,,,,,,,,,,,,,,,
C1,1,100nF,C_0603_1608Metric,,,,smt,"capacitor, US symbol",,,,,,,,,,,,,,,
C2,1,10uF,C_0805_2012Metric,,,,smt,"capacitor, US symbol",,,,,,,,,,,,,,,
FADER1,1,PTA4553-2215CIB103,TRIM_PTA4553-2215CIB103,None,,,tht,"10 kOhms 0.25W, 1/4W Through Hole Slide Potentiometer Top Adjustment Type",Bourns,None,https://www.snapeda.com/parts/PTA4553-2215CIB103/Bourns/view-part/?ref=eda,None,https://www.snapeda.com/parts/PTA4553-2215CIB103/Bourns/view-part/?ref=snap,PTA4553-2215CIB103,"10 kOhms 0.25W, 1/4W Through Hole Slide Potentiometer Top Adjustment Type",In Stock,In Stock,https://pricing.snapeda.com/search/part/PTA4553-2215CIB103/?ref=eda,,,,,
"J1_DECK_A1, J2_DECK_B1",2,B8B-PH-K-S,JST_B8B-PH-K-S,None,,,tht,,JST Sales,,https://www.snapeda.com/parts/B8B-PH-K-S/JST/view-part/?ref=eda,None,https://www.snapeda.com/parts/B8B-PH-K-S/JST/view-part/?ref=snap,B8B-PH-K-S,Connector Header Through Hole 8 position 0.079 (2.00mm),In Stock,,,JST,,,,
ROTARY_ENCODER_BTN1,1,PEC11R-4220K-S0024,XDCR_PEC11R-4220K-S0024,None,,,tht,,Bourns,,https://www.snapeda.com/parts/PEC11R-4220K-S0024/Bourns/view-part/?ref=eda,None,https://www.snapeda.com/parts/PEC11R-4220K-S0024/Bourns/view-part/?ref=snap,PEC11R-4220K-S0024,"24 Pulse Incremental Mechanical Rotary Encoder w/ 6 mm Knurl Shaft,Through Hole | Bourns PEC11R-4220K-S0024",In Stock,,,Bourns,ASHISH,Manufacturer Recommendations,11/23,KARTHIK
"R_LOAD_A1, R_LOAD_B1, R_PLAY_A1, R_PLAY_B1",4,1k,R_0603_1608Metric,,,,smt,"Resistor, US symbol",,,,,,,,,,,,,,,
