﻿Designator,Quantity,Value,Footprint,Package,MPN,DNP,Mount_Type,Description,MANUFACTURER,MANUFACTURER PART NUMBER,PURCHASE-URL,SUPPLIER,SUPPLIER PART NUMBER,SnapEDA_Link,MF,Description_1,Price,MP,Availability,Check_prices,PRICE,AVAILABILITY,CREATOR,STANDARD,PARTREV,VERIFIER
ArduinoProMicroATmega32U4USBC-1,1,SPARKFUN QWIIC PRO MICRO - USB-C,Sparkfun_Pro_Micro,,,,tht,SPARKFUN QWIIC PRO MICRO - USB-C,SparkFun Electronics,DEV-15795,https://www.digikey.com.mx/es/products/detail/sparkfun-electronics/15795/11594572,DIGIKEY,1568-15795-ND,https://www.snapeda.com/parts/15795/SparkFun%20Electronics/view-part/?ref=search&t=15795&ab_test_case=b,,,,,,,,,,,,
C1,1,0.1 µF,CAPC1608X90,603-2 KEMET,,,smt,0.1 µF C0603C104K4RACTU,KEMET,C0603C104K4RACTU,https://www.digikey.com/en/products/detail/kemet/C0603C104K4RACTU/411095?utm_campaign=buynow&utm_medium=aggregator&utm_source=snapeda,DIGIKEY,399-C0603C104K4RACTUTR-ND,https://www.snapeda.com/parts/C0603C104K4RACTU/Kemet/view-part/?ref=snap,KEMET,"Capacitor, Ceramic, Cap, .100uF, Tol 10%, SMT, 16V, X7R | KEMET C0603C104K4RACTU",None,C0603C104K4RACTU,In Stock,https://www.snapeda.com/parts/C0603C104K4RACTU/Kemet/view-part/?ref=eda,,,,,,
C2,1,10 µF,CAPC2012X88N,0805 Kemet,,,smt,10 µF C0805C106K8PACTU,KEMET,C0805C106K8PACTU,https://www.digikey.com/en/products/detail/kemet/C0805C106K8PACTU/1090830?utm_campaign=buynow&utm_medium=aggregator&utm_source=snapeda,DIGIKEY,399-C0805C106K8PACTUDKR-ND,https://www.snapeda.com/parts/C0805C106K8PACTU/Kemet/view-part/?ref=snap,KEMET,"0805 C 10uF Ceramic Multilayer Capacitor, 10 V, +85degC, X5R Dielectric, +/-10% | KEMET C0805C106K8PACTU",None,C0805C106K8PACTU,In Stock,https://www.snapeda.com/parts/C0805C106K8PACTU/Kemet/view-part/?ref=eda,,,,,,
FADER1,1,PTA4553-2215CIB103 10k 45mm,TRIM_PTA4553-2215CIB103,None,,,tht,"10 kOhms 0.25W, 1/4W Through Hole Slide Potentiometer Top Adjustment Type",BOURNS,PTA4553-2215CIB103,https://www.digikey.com/en/products/detail/bourns-inc/PTA4553-2215CIB103/3781219?utm_campaign=buynow&utm_medium=aggregator&utm_source=snapeda,DIGIKEY,PTA4553-2215CIB103-ND,https://www.snapeda.com/parts/PTA4553-2215CIB103/Bourns/view-part/?ref=snap,Bourns,"10 kOhms 0.25W, 1/4W Through Hole Slide Potentiometer Top Adjustment Type",None,PTA4553-2215CIB103,In Stock,https://www.snapeda.com/parts/PTA4553-2215CIB103/Bourns/view-part/?ref=eda,None,In Stock,,,,
"J1_DECK_A1, J2_DECK_B1",2,B8B-PH-K-S,JST_B8B-PH-K-S,None,,,tht,,JST,B8B-PH-K-S,https://www.digikey.com/en/products/detail/jst-sales-america-inc/B8B-PH-K-S/926617?utm_campaign=buynow&utm_medium=aggregator&utm_source=snapeda,DIGIKEY,455-1710-ND,https://www.snapeda.com/parts/B8B-PH-K-S/JST%20Sales/view-part/?ref=search&t=B8B-PH-K-S&ab_test_case=b,JST Sales,Connector Header Through Hole 8 position 0.079 (2.00mm),None,B8B-PH-K-S,In Stock,https://www.snapeda.com/parts/B8B-PH-K-S/JST/view-part/?ref=eda,,,,,,
ROTARY_ENCODER_BTN1,1,PEC11R-4220K-S0024 10k,XDCR_PEC11R-4220K-S0024,None,,,tht,,BOURNS,PTA4553-2215CIB103,https://www.digikey.com/en/products/detail/bourns-inc/PTA4553-2215CIB103/3781219?utm_campaign=buynow&utm_medium=aggregator&utm_source=snapeda,DIGIKEY,PTA4553-2215CIB103-ND,https://www.snapeda.com/parts/PEC11R-4220K-S0024/Bourns/view-part/?ref=snap,Bourns,"24 Pulse Incremental Mechanical Rotary Encoder w/ 6 mm Knurl Shaft,Through Hole | Bourns PEC11R-4220K-S0024",None,PEC11R-4220K-S0024,In Stock,https://www.snapeda.com/parts/PEC11R-4220K-S0024/Bourns/view-part/?ref=eda,,,ASHISH,Manufacturer Recommendations,11/23,KARTHIK
"R_LOAD_A1, R_LOAD_B1, R_PLAY_A1, R_PLAY_B1",4,470 Ohms,RESC1608X55,0603 Yageo,,,smt,RC0603FR-07470RL,YAGEO,RC0603FR-07470RL,https://www.digikey.com/en/products/detail/yageo/RC0603FR-07470RL/727256?s=N4IgTCBcDaIEoGEAMA2JBmAYnAtEg7ACz5JwAyIAugL5A,DIGIKEY,311-470HRTR-ND,https://www.snapeda.com/parts/RC0603FR-07470RL/Yageo/view-part/?ref=snap,Yageo,"470 Ohms ±1% 0.1W, 1/10W Chip Resistor 0603 (1608 Metric) Moisture Resistant Thick Film",None,RC0603FR-07470RL,In Stock,https://www.snapeda.com/parts/RC0603FR-07470RL/Yageo/view-part/?ref=eda,,,,,,
