﻿pos_x,pos_y,rotation,side,designator,mpn,pack,footprint,value,mount_type
121.5,-117.58,0.0,bottom,ArduinoProMicroATmega32U4USBC-1,,,Sparkfun_Pro_Micro,SPARKFUN QWIIC PRO MICRO - USB-C,tht
142.5,-115.0,90.0,top,C1,,603-2 KEMET,CAPC1608X90,0.1 µF,smt
147.0,-114.9654,90.0,top,C2,,0805 Kemet,CAPC2012X88N,10 µF,smt
149.9,-129.75,0.0,top,FADER1,,None,TRIM_PTA4553-2215CIB103,PTA4553-2215CIB103 10k 45mm,tht
129.0,-142.45,180.0,bottom,J1_DECK_A1,,None,JST_B8B-PH-K-S,B8B-PH-K-S,tht
171.0,-142.5,180.0,bottom,J2_DECK_B1,,None,JST_B8B-PH-K-S,B8B-PH-K-S,tht
150.0,-100.0,0.0,top,ROTARY_ENCODER_BTN1,,None,XDCR_PEC11R-4220K-S0024,PEC11R-4220K-S0024 10k,tht
147.5,-142.0,90.0,top,R_LOAD_A1,,0603 Yageo,RESC1608X55,470 Ohms,smt
153.5,-142.0,90.0,top,R_LOAD_B1,,0603 Yageo,RESC1608X55,470 Ohms,smt
141.5,-141.85,90.0,top,R_PLAY_A1,,0603 Yageo,RESC1608X55,470 Ohms,smt
158.0,-142.0,90.0,top,R_PLAY_B1,,0603 Yageo,RESC1608X55,470 Ohms,smt
