﻿pos_x,pos_y,rotation,side,designator,mpn,pack,footprint,value,mount_type
88.5,-128.42,180.0,bottom,ArduinoProMicroATmega32U4USB-C1,,,Sparkfun_Pro_Micro,ArduinoProMicroATmega32U4USB-C1,tht
161.0,-128.42,180.0,bottom,ArduinoProMicroATmega32U4USB-C1,,,Sparkfun_Pro_Micro,ArduinoProMicroATmega32U4USB-C1,tht
104.0,-52.42,0.0,bottom,ArduinoProMicroATmega32U4USB-C1,,,Sparkfun_Pro_Micro,ArduinoProMicroATmega32U4USB-C1,tht
31.5,-52.58,0.0,bottom,ArduinoProMicroATmega32U4USB-C1,,,Sparkfun_Pro_Micro,ArduinoProMicroATmega32U4USB-C1,tht
176.5,-52.42,0.0,bottom,ArduinoProMicroATmega32U4USB-C1,,,Sparkfun_Pro_Micro,ArduinoProMicroATmega32U4USB-C1,tht
233.5,-128.42,180.0,bottom,ArduinoProMicroATmega32U4USB-C1,,,Sparkfun_Pro_Micro,ArduinoProMicroATmega32U4USB-C1,tht
66.5,-131.0,-90.0,top,C1,,,C_0603_1608Metric,100nF,smt
139.0,-131.0,-90.0,top,C1,,,C_0603_1608Metric,100nF,smt
198.5,-49.84,90.0,top,C1,,,C_0603_1608Metric,100nF,smt
126.0,-49.84,90.0,top,C1,,,C_0603_1608Metric,100nF,smt
53.5,-50.0,90.0,top,C1,,,C_0603_1608Metric,100nF,smt
211.5,-131.0,-90.0,top,C1,,,C_0603_1608Metric,100nF,smt
61.205,-130.98,-90.0,top,C2,,,C_0805_2012Metric,10uF,smt
133.705,-130.98,-90.0,top,C2,,,C_0805_2012Metric,10uF,smt
203.795,-49.86,90.0,top,C2,,,C_0805_2012Metric,10uF,smt
131.295,-49.86,90.0,top,C2,,,C_0805_2012Metric,10uF,smt
58.795,-50.02,90.0,top,C2,,,C_0805_2012Metric,10uF,smt
206.205,-130.98,-90.0,top,C2,,,C_0805_2012Metric,10uF,smt
60.1,-116.25,180.0,top,FADER1,,None,TRIM_PTA4553-2215CIB103,PTA4553-2215CIB103,tht
132.6,-116.25,180.0,top,FADER1,,None,TRIM_PTA4553-2215CIB103,PTA4553-2215CIB103,tht
204.9,-64.59,0.0,top,FADER1,,None,TRIM_PTA4553-2215CIB103,PTA4553-2215CIB103,tht
132.4,-64.59,0.0,top,FADER1,,None,TRIM_PTA4553-2215CIB103,PTA4553-2215CIB103,tht
59.9,-64.75,0.0,top,FADER1,,None,TRIM_PTA4553-2215CIB103,PTA4553-2215CIB103,tht
205.1,-116.25,180.0,top,FADER1,,None,TRIM_PTA4553-2215CIB103,PTA4553-2215CIB103,tht
81.0,-103.55,0.0,bottom,J1_DECK_A1,,None,JST_B8B-PH-K-S,B8B-PH-K-S,tht
153.5,-103.55,0.0,bottom,J1_DECK_A1,,None,JST_B8B-PH-K-S,B8B-PH-K-S,tht
184.0,-77.29,180.0,bottom,J1_DECK_A1,,None,JST_B8B-PH-K-S,B8B-PH-K-S,tht
111.5,-77.29,180.0,bottom,J1_DECK_A1,,None,JST_B8B-PH-K-S,B8B-PH-K-S,tht
39.0,-77.45,180.0,bottom,J1_DECK_A1,,None,JST_B8B-PH-K-S,B8B-PH-K-S,tht
226.0,-103.55,0.0,bottom,J1_DECK_A1,,None,JST_B8B-PH-K-S,B8B-PH-K-S,tht
39.0,-103.5,0.0,bottom,J2_DECK_B1,,None,JST_B8B-PH-K-S,B8B-PH-K-S,tht
111.5,-103.5,0.0,bottom,J2_DECK_B1,,None,JST_B8B-PH-K-S,B8B-PH-K-S,tht
226.0,-77.34,180.0,bottom,J2_DECK_B1,,None,JST_B8B-PH-K-S,B8B-PH-K-S,tht
153.5,-77.34,180.0,bottom,J2_DECK_B1,,None,JST_B8B-PH-K-S,B8B-PH-K-S,tht
81.0,-77.5,180.0,bottom,J2_DECK_B1,,None,JST_B8B-PH-K-S,B8B-PH-K-S,tht
184.0,-103.5,0.0,bottom,J2_DECK_B1,,None,JST_B8B-PH-K-S,B8B-PH-K-S,tht
60.0,-146.0,180.0,top,ROTARY_ENCODER_BTN1,,None,XDCR_PEC11R-4220K-S0024,PEC11R-4220K-S0024,tht
132.5,-146.0,180.0,top,ROTARY_ENCODER_BTN1,,None,XDCR_PEC11R-4220K-S0024,PEC11R-4220K-S0024,tht
205.0,-34.84,0.0,top,ROTARY_ENCODER_BTN1,,None,XDCR_PEC11R-4220K-S0024,PEC11R-4220K-S0024,tht
132.5,-34.84,0.0,top,ROTARY_ENCODER_BTN1,,None,XDCR_PEC11R-4220K-S0024,PEC11R-4220K-S0024,tht
60.0,-35.0,0.0,top,ROTARY_ENCODER_BTN1,,None,XDCR_PEC11R-4220K-S0024,PEC11R-4220K-S0024,tht
205.0,-146.0,180.0,top,ROTARY_ENCODER_BTN1,,None,XDCR_PEC11R-4220K-S0024,PEC11R-4220K-S0024,tht
62.5,-104.0,-90.0,top,R_LOAD_A1,,,R_0603_1608Metric,1k,smt
135.0,-104.0,-90.0,top,R_LOAD_A1,,,R_0603_1608Metric,1k,smt
130.0,-76.84,90.0,top,R_LOAD_A1,,,R_0603_1608Metric,1k,smt
57.5,-77.0,90.0,top,R_LOAD_A1,,,R_0603_1608Metric,1k,smt
202.5,-76.84,90.0,top,R_LOAD_A1,,,R_0603_1608Metric,1k,smt
207.5,-104.0,-90.0,top,R_LOAD_A1,,,R_0603_1608Metric,1k,smt
56.5,-104.175,-90.0,top,R_LOAD_B1,,,R_0603_1608Metric,1k,smt
129.0,-104.175,-90.0,top,R_LOAD_B1,,,R_0603_1608Metric,1k,smt
136.0,-76.665,90.0,top,R_LOAD_B1,,,R_0603_1608Metric,1k,smt
63.5,-76.825,90.0,top,R_LOAD_B1,,,R_0603_1608Metric,1k,smt
208.5,-76.665,90.0,top,R_LOAD_B1,,,R_0603_1608Metric,1k,smt
201.5,-104.175,-90.0,top,R_LOAD_B1,,,R_0603_1608Metric,1k,smt
68.5,-104.0,90.0,top,R_PLAY_A1,,,R_0603_1608Metric,1k,smt
141.0,-104.0,90.0,top,R_PLAY_A1,,,R_0603_1608Metric,1k,smt
124.0,-76.84,-90.0,top,R_PLAY_A1,,,R_0603_1608Metric,1k,smt
51.5,-77.0,-90.0,top,R_PLAY_A1,,,R_0603_1608Metric,1k,smt
196.5,-76.84,-90.0,top,R_PLAY_A1,,,R_0603_1608Metric,1k,smt
213.5,-104.0,90.0,top,R_PLAY_A1,,,R_0603_1608Metric,1k,smt
52.0,-104.0,-90.0,top,R_PLAY_B1,,,R_0603_1608Metric,1k,smt
124.5,-104.0,-90.0,top,R_PLAY_B1,,,R_0603_1608Metric,1k,smt
213.0,-76.84,90.0,top,R_PLAY_B1,,,R_0603_1608Metric,1k,smt
140.5,-76.84,90.0,top,R_PLAY_B1,,,R_0603_1608Metric,1k,smt
68.0,-77.0,90.0,top,R_PLAY_B1,,,R_0603_1608Metric,1k,smt
197.0,-104.0,-90.0,top,R_PLAY_B1,,,R_0603_1608Metric,1k,smt
